ghana_index,FAO,ISO3,Country/territory,Region,Sub-Region,Inc I,Year,Variable,Value
4,81,GHA,Ghana,SSA,"SSA, Western",MI-L,1961,TFP_Index,62.8029
4,81,GHA,Ghana,SSA,"SSA, Western",MI-L,1961,Capital_Index,31.9871
4,81,GHA,Ghana,SSA,"SSA, Western",MI-L,1961,Land_Q,3230.9711
4,81,GHA,Ghana,SSA,"SSA, Western",MI-L,1961,Labor_Q,1576.3886
4,81,GHA,Ghana,SSA,"SSA, Western",MI-L,1961,Fertilizer_Q,4370.816
4,81,GHA,Ghana,SSA,"SSA, Western",MI-L,1961,Cropland_Q,3081.958
4,81,GHA,Ghana,SSA,"SSA, Western",MI-L,1962,TFP_Index,60.4218
4,81,GHA,Ghana,SSA,"SSA, Western",MI-L,1962,Capital_Index,35.2505
4,81,GHA,Ghana,SSA,"SSA, Western",MI-L,1962,Land_Q,3265.2431
4,81,GHA,Ghana,SSA,"SSA, Western",MI-L,1962,Labor_Q,1598.5298
4,81,GHA,Ghana,SSA,"SSA, Western",MI-L,1962,Fertilizer_Q,5741.2547
4,81,GHA,Ghana,SSA,"SSA, Western",MI-L,1962,Cropland_Q,3116.23
4,81,GHA,Ghana,SSA,"SSA, Western",MI-L,1963,TFP_Index,60.0161
4,81,GHA,Ghana,SSA,"SSA, Western",MI-L,1963,Capital_Index,37.8902
4,81,GHA,Ghana,SSA,"SSA, Western",MI-L,1963,Land_Q,3317.3091
4,81,GHA,Ghana,SSA,"SSA, Western",MI-L,1963,Labor_Q,1620.9821
4,81,GHA,Ghana,SSA,"SSA, Western",MI-L,1963,Fertilizer_Q,6021.0909
4,81,GHA,Ghana,SSA,"SSA, Western",MI-L,1963,Cropland_Q,3168.296
4,81,GHA,Ghana,SSA,"SSA, Western",MI-L,1964,TFP_Index,63.8043
4,81,GHA,Ghana,SSA,"SSA, Western",MI-L,1964,Capital_Index,44.0893
4,81,GHA,Ghana,SSA,"SSA, Western",MI-L,1964,Land_Q,3422.9561
4,81,GHA,Ghana,SSA,"SSA, Western",MI-L,1964,Labor_Q,1643.7497
4,81,GHA,Ghana,SSA,"SSA, Western",MI-L,1964,Fertilizer_Q,6010.8452
4,81,GHA,Ghana,SSA,"SSA, Western",MI-L,1964,Cropland_Q,3273.943
4,81,GHA,Ghana,SSA,"SSA, Western",MI-L,1965,TFP_Index,57.4573
4,81,GHA,Ghana,SSA,"SSA, Western",MI-L,1965,Capital_Index,46.5689
4,81,GHA,Ghana,SSA,"SSA, Western",MI-L,1965,Land_Q,3265.9241
4,81,GHA,Ghana,SSA,"SSA, Western",MI-L,1965,Labor_Q,1666.837
4,81,GHA,Ghana,SSA,"SSA, Western",MI-L,1965,Fertilizer_Q,5525.3747
4,81,GHA,Ghana,SSA,"SSA, Western",MI-L,1965,Cropland_Q,3116.911
4,81,GHA,Ghana,SSA,"SSA, Western",MI-L,1966,TFP_Index,58.3533
4,81,GHA,Ghana,SSA,"SSA, Western",MI-L,1966,Capital_Index,47.5285
4,81,GHA,Ghana,SSA,"SSA, Western",MI-L,1966,Land_Q,2998.1641
4,81,GHA,Ghana,SSA,"SSA, Western",MI-L,1966,Labor_Q,1690.2487
4,81,GHA,Ghana,SSA,"SSA, Western",MI-L,1966,Fertilizer_Q,6070.1238
4,81,GHA,Ghana,SSA,"SSA, Western",MI-L,1966,Cropland_Q,2849.151
4,81,GHA,Ghana,SSA,"SSA, Western",MI-L,1967,TFP_Index,59.7729
4,81,GHA,Ghana,SSA,"SSA, Western",MI-L,1967,Capital_Index,50.4613
4,81,GHA,Ghana,SSA,"SSA, Western",MI-L,1967,Land_Q,3194.4291
4,81,GHA,Ghana,SSA,"SSA, Western",MI-L,1967,Labor_Q,1713.9891
4,81,GHA,Ghana,SSA,"SSA, Western",MI-L,1967,Fertilizer_Q,6389.194
4,81,GHA,Ghana,SSA,"SSA, Western",MI-L,1967,Cropland_Q,3045.416
4,81,GHA,Ghana,SSA,"SSA, Western",MI-L,1968,TFP_Index,57.8683
4,81,GHA,Ghana,SSA,"SSA, Western",MI-L,1968,Capital_Index,53.1704
4,81,GHA,Ghana,SSA,"SSA, Western",MI-L,1968,Land_Q,3072.2201
4,81,GHA,Ghana,SSA,"SSA, Western",MI-L,1968,Labor_Q,1738.0631
4,81,GHA,Ghana,SSA,"SSA, Western",MI-L,1968,Fertilizer_Q,6902.3553
4,81,GHA,Ghana,SSA,"SSA, Western",MI-L,1968,Cropland_Q,2923.207
4,81,GHA,Ghana,SSA,"SSA, Western",MI-L,1969,TFP_Index,59.2085
4,81,GHA,Ghana,SSA,"SSA, Western",MI-L,1969,Capital_Index,56.1589
4,81,GHA,Ghana,SSA,"SSA, Western",MI-L,1969,Land_Q,3340.8551
4,81,GHA,Ghana,SSA,"SSA, Western",MI-L,1969,Labor_Q,1762.4751
4,81,GHA,Ghana,SSA,"SSA, Western",MI-L,1969,Fertilizer_Q,7468.6234
4,81,GHA,Ghana,SSA,"SSA, Western",MI-L,1969,Cropland_Q,3191.842
4,81,GHA,Ghana,SSA,"SSA, Western",MI-L,1970,TFP_Index,56.834
4,81,GHA,Ghana,SSA,"SSA, Western",MI-L,1970,Capital_Index,57.0065
4,81,GHA,Ghana,SSA,"SSA, Western",MI-L,1970,Land_Q,3987.3501
4,81,GHA,Ghana,SSA,"SSA, Western",MI-L,1970,Labor_Q,1787.23
4,81,GHA,Ghana,SSA,"SSA, Western",MI-L,1970,Fertilizer_Q,9961.1946
4,81,GHA,Ghana,SSA,"SSA, Western",MI-L,1970,Cropland_Q,3838.337
4,81,GHA,Ghana,SSA,"SSA, Western",MI-L,1971,TFP_Index,58.4017
4,81,GHA,Ghana,SSA,"SSA, Western",MI-L,1971,Capital_Index,57.088
4,81,GHA,Ghana,SSA,"SSA, Western",MI-L,1971,Land_Q,3996.9411
4,81,GHA,Ghana,SSA,"SSA, Western",MI-L,1971,Labor_Q,1863.9389
4,81,GHA,Ghana,SSA,"SSA, Western",MI-L,1971,Fertilizer_Q,9505.9826
4,81,GHA,Ghana,SSA,"SSA, Western",MI-L,1971,Cropland_Q,3847.928
4,81,GHA,Ghana,SSA,"SSA, Western",MI-L,1972,TFP_Index,56.4139
4,81,GHA,Ghana,SSA,"SSA, Western",MI-L,1972,Capital_Index,60.2173
4,81,GHA,Ghana,SSA,"SSA, Western",MI-L,1972,Land_Q,3819.3271
4,81,GHA,Ghana,SSA,"SSA, Western",MI-L,1972,Labor_Q,1943.9402
4,81,GHA,Ghana,SSA,"SSA, Western",MI-L,1972,Fertilizer_Q,11479.9911
4,81,GHA,Ghana,SSA,"SSA, Western",MI-L,1972,Cropland_Q,3670.314
4,81,GHA,Ghana,SSA,"SSA, Western",MI-L,1973,TFP_Index,56.5368
4,81,GHA,Ghana,SSA,"SSA, Western",MI-L,1973,Capital_Index,59.7814
4,81,GHA,Ghana,SSA,"SSA, Western",MI-L,1973,Land_Q,3799.2671
4,81,GHA,Ghana,SSA,"SSA, Western",MI-L,1973,Labor_Q,2027.3752
4,81,GHA,Ghana,SSA,"SSA, Western",MI-L,1973,Fertilizer_Q,13832.2154
4,81,GHA,Ghana,SSA,"SSA, Western",MI-L,1973,Cropland_Q,3650.254
4,81,GHA,Ghana,SSA,"SSA, Western",MI-L,1974,TFP_Index,59.1776
4,81,GHA,Ghana,SSA,"SSA, Western",MI-L,1974,Capital_Index,64.8845
4,81,GHA,Ghana,SSA,"SSA, Western",MI-L,1974,Land_Q,4013.0551
4,81,GHA,Ghana,SSA,"SSA, Western",MI-L,1974,Labor_Q,2114.3913
4,81,GHA,Ghana,SSA,"SSA, Western",MI-L,1974,Fertilizer_Q,17581.8101
4,81,GHA,Ghana,SSA,"SSA, Western",MI-L,1974,Cropland_Q,3864.042
4,81,GHA,Ghana,SSA,"SSA, Western",MI-L,1975,TFP_Index,55.0672
4,81,GHA,Ghana,SSA,"SSA, Western",MI-L,1975,Capital_Index,61.5416
4,81,GHA,Ghana,SSA,"SSA, Western",MI-L,1975,Land_Q,3860.4171
4,81,GHA,Ghana,SSA,"SSA, Western",MI-L,1975,Labor_Q,2205.1421
4,81,GHA,Ghana,SSA,"SSA, Western",MI-L,1975,Fertilizer_Q,32975.9558
4,81,GHA,Ghana,SSA,"SSA, Western",MI-L,1975,Cropland_Q,3711.404
4,81,GHA,Ghana,SSA,"SSA, Western",MI-L,1976,TFP_Index,50.4969
4,81,GHA,Ghana,SSA,"SSA, Western",MI-L,1976,Capital_Index,59.741
4,81,GHA,Ghana,SSA,"SSA, Western",MI-L,1976,Land_Q,3671.0031
4,81,GHA,Ghana,SSA,"SSA, Western",MI-L,1976,Labor_Q,2287.0603
4,81,GHA,Ghana,SSA,"SSA, Western",MI-L,1976,Fertilizer_Q,28912.2523
4,81,GHA,Ghana,SSA,"SSA, Western",MI-L,1976,Cropland_Q,3521.99
4,81,GHA,Ghana,SSA,"SSA, Western",MI-L,1977,TFP_Index,44.6342
4,81,GHA,Ghana,SSA,"SSA, Western",MI-L,1977,Capital_Index,59.1015
4,81,GHA,Ghana,SSA,"SSA, Western",MI-L,1977,Land_Q,3348.0301
4,81,GHA,Ghana,SSA,"SSA, Western",MI-L,1977,Labor_Q,2372.0216
4,81,GHA,Ghana,SSA,"SSA, Western",MI-L,1977,Fertilizer_Q,39600.408
4,81,GHA,Ghana,SSA,"SSA, Western",MI-L,1977,Cropland_Q,3199.017
4,81,GHA,Ghana,SSA,"SSA, Western",MI-L,1978,TFP_Index,45.8553
4,81,GHA,Ghana,SSA,"SSA, Western",MI-L,1978,Capital_Index,58.7502
4,81,GHA,Ghana,SSA,"SSA, Western",MI-L,1978,Land_Q,3173.2001
4,81,GHA,Ghana,SSA,"SSA, Western",MI-L,1978,Labor_Q,2460.1392
4,81,GHA,Ghana,SSA,"SSA, Western",MI-L,1978,Fertilizer_Q,27391.0938
4,81,GHA,Ghana,SSA,"SSA, Western",MI-L,1978,Cropland_Q,3024.187
4,81,GHA,Ghana,SSA,"SSA, Western",MI-L,1979,TFP_Index,45.4226
4,81,GHA,Ghana,SSA,"SSA, Western",MI-L,1979,Capital_Index,58.7196
4,81,GHA,Ghana,SSA,"SSA, Western",MI-L,1979,Land_Q,3478.1531
4,81,GHA,Ghana,SSA,"SSA, Western",MI-L,1979,Labor_Q,2551.5302
4,81,GHA,Ghana,SSA,"SSA, Western",MI-L,1979,Fertilizer_Q,26800.9181
4,81,GHA,Ghana,SSA,"SSA, Western",MI-L,1979,Cropland_Q,3329.14
4,81,GHA,Ghana,SSA,"SSA, Western",MI-L,1980,TFP_Index,45.4359
4,81,GHA,Ghana,SSA,"SSA, Western",MI-L,1980,Capital_Index,59.6939
4,81,GHA,Ghana,SSA,"SSA, Western",MI-L,1980,Land_Q,3458.6301
4,81,GHA,Ghana,SSA,"SSA, Western",MI-L,1980,Labor_Q,2646.3162
4,81,GHA,Ghana,SSA,"SSA, Western",MI-L,1980,Fertilizer_Q,20410.2407
4,81,GHA,Ghana,SSA,"SSA, Western",MI-L,1980,Cropland_Q,3309.617
4,81,GHA,Ghana,SSA,"SSA, Western",MI-L,1981,TFP_Index,42.9872
4,81,GHA,Ghana,SSA,"SSA, Western",MI-L,1981,Capital_Index,60.6206
4,81,GHA,Ghana,SSA,"SSA, Western",MI-L,1981,Land_Q,3440.5131
4,81,GHA,Ghana,SSA,"SSA, Western",MI-L,1981,Labor_Q,2788.4922
4,81,GHA,Ghana,SSA,"SSA, Western",MI-L,1981,Fertilizer_Q,37514.8273
4,81,GHA,Ghana,SSA,"SSA, Western",MI-L,1981,Cropland_Q,3291.5
4,81,GHA,Ghana,SSA,"SSA, Western",MI-L,1982,TFP_Index,40.4321
4,81,GHA,Ghana,SSA,"SSA, Western",MI-L,1982,Capital_Index,62.5756
4,81,GHA,Ghana,SSA,"SSA, Western",MI-L,1982,Land_Q,3130.3631
4,81,GHA,Ghana,SSA,"SSA, Western",MI-L,1982,Labor_Q,2953.6611
4,81,GHA,Ghana,SSA,"SSA, Western",MI-L,1982,Fertilizer_Q,35400.2659
4,81,GHA,Ghana,SSA,"SSA, Western",MI-L,1982,Cropland_Q,2981.35
4,81,GHA,Ghana,SSA,"SSA, Western",MI-L,1983,TFP_Index,41.1816
4,81,GHA,Ghana,SSA,"SSA, Western",MI-L,1983,Capital_Index,64.0566
4,81,GHA,Ghana,SSA,"SSA, Western",MI-L,1983,Land_Q,2970.0631
4,81,GHA,Ghana,SSA,"SSA, Western",MI-L,1983,Labor_Q,3131.8723
4,81,GHA,Ghana,SSA,"SSA, Western",MI-L,1983,Fertilizer_Q,29673.0828
4,81,GHA,Ghana,SSA,"SSA, Western",MI-L,1983,Cropland_Q,2821.05
4,81,GHA,Ghana,SSA,"SSA, Western",MI-L,1984,TFP_Index,45.7586
4,81,GHA,Ghana,SSA,"SSA, Western",MI-L,1984,Capital_Index,65.9925
4,81,GHA,Ghana,SSA,"SSA, Western",MI-L,1984,Land_Q,3940.0231
4,81,GHA,Ghana,SSA,"SSA, Western",MI-L,1984,Labor_Q,3310.967
4,81,GHA,Ghana,SSA,"SSA, Western",MI-L,1984,Fertilizer_Q,17128.7134
4,81,GHA,Ghana,SSA,"SSA, Western",MI-L,1984,Cropland_Q,3791.01
4,81,GHA,Ghana,SSA,"SSA, Western",MI-L,1985,TFP_Index,45.4221
4,81,GHA,Ghana,SSA,"SSA, Western",MI-L,1985,Capital_Index,68.1335
4,81,GHA,Ghana,SSA,"SSA, Western",MI-L,1985,Land_Q,3659.9921
4,81,GHA,Ghana,SSA,"SSA, Western",MI-L,1985,Labor_Q,3351.6657
4,81,GHA,Ghana,SSA,"SSA, Western",MI-L,1985,Fertilizer_Q,21364.9044
4,81,GHA,Ghana,SSA,"SSA, Western",MI-L,1985,Cropland_Q,3510.979
4,81,GHA,Ghana,SSA,"SSA, Western",MI-L,1986,TFP_Index,49.7612
4,81,GHA,Ghana,SSA,"SSA, Western",MI-L,1986,Capital_Index,67.7466
4,81,GHA,Ghana,SSA,"SSA, Western",MI-L,1986,Land_Q,3614.7291
4,81,GHA,Ghana,SSA,"SSA, Western",MI-L,1986,Labor_Q,3386.0847
4,81,GHA,Ghana,SSA,"SSA, Western",MI-L,1986,Fertilizer_Q,17176.3673
4,81,GHA,Ghana,SSA,"SSA, Western",MI-L,1986,Cropland_Q,3465.716
4,81,GHA,Ghana,SSA,"SSA, Western",MI-L,1987,TFP_Index,49.0582
4,81,GHA,Ghana,SSA,"SSA, Western",MI-L,1987,Capital_Index,71.0603
4,81,GHA,Ghana,SSA,"SSA, Western",MI-L,1987,Land_Q,3664.6661
4,81,GHA,Ghana,SSA,"SSA, Western",MI-L,1987,Labor_Q,3414.4784
4,81,GHA,Ghana,SSA,"SSA, Western",MI-L,1987,Fertilizer_Q,19787.0031
4,81,GHA,Ghana,SSA,"SSA, Western",MI-L,1987,Cropland_Q,3515.653
4,81,GHA,Ghana,SSA,"SSA, Western",MI-L,1988,TFP_Index,50.184
4,81,GHA,Ghana,SSA,"SSA, Western",MI-L,1988,Capital_Index,71.2613
4,81,GHA,Ghana,SSA,"SSA, Western",MI-L,1988,Land_Q,3472.0791
4,81,GHA,Ghana,SSA,"SSA, Western",MI-L,1988,Labor_Q,3441.1266
4,81,GHA,Ghana,SSA,"SSA, Western",MI-L,1988,Fertilizer_Q,22673.3596
4,81,GHA,Ghana,SSA,"SSA, Western",MI-L,1988,Cropland_Q,3323.066
4,81,GHA,Ghana,SSA,"SSA, Western",MI-L,1989,TFP_Index,53.4889
4,81,GHA,Ghana,SSA,"SSA, Western",MI-L,1989,Capital_Index,74.2734
4,81,GHA,Ghana,SSA,"SSA, Western",MI-L,1989,Land_Q,3809.0301
4,81,GHA,Ghana,SSA,"SSA, Western",MI-L,1989,Labor_Q,3469.0542
4,81,GHA,Ghana,SSA,"SSA, Western",MI-L,1989,Fertilizer_Q,19836.2266
4,81,GHA,Ghana,SSA,"SSA, Western",MI-L,1989,Cropland_Q,3660.017
4,81,GHA,Ghana,SSA,"SSA, Western",MI-L,1990,TFP_Index,47.3023
4,81,GHA,Ghana,SSA,"SSA, Western",MI-L,1990,Capital_Index,72.6631
4,81,GHA,Ghana,SSA,"SSA, Western",MI-L,1990,Land_Q,3073.5481
4,81,GHA,Ghana,SSA,"SSA, Western",MI-L,1990,Labor_Q,3501.0968
4,81,GHA,Ghana,SSA,"SSA, Western",MI-L,1990,Fertilizer_Q,23087.437
4,81,GHA,Ghana,SSA,"SSA, Western",MI-L,1990,Cropland_Q,2924.535
4,81,GHA,Ghana,SSA,"SSA, Western",MI-L,1991,TFP_Index,60.504
4,81,GHA,Ghana,SSA,"SSA, Western",MI-L,1991,Capital_Index,75.2932
4,81,GHA,Ghana,SSA,"SSA, Western",MI-L,1991,Land_Q,3838.3641
4,81,GHA,Ghana,SSA,"SSA, Western",MI-L,1991,Labor_Q,3535.1023
4,81,GHA,Ghana,SSA,"SSA, Western",MI-L,1991,Fertilizer_Q,18076.698
4,81,GHA,Ghana,SSA,"SSA, Western",MI-L,1991,Cropland_Q,3689.351
4,81,GHA,Ghana,SSA,"SSA, Western",MI-L,1992,TFP_Index,59.6938
4,81,GHA,Ghana,SSA,"SSA, Western",MI-L,1992,Capital_Index,73.6095
4,81,GHA,Ghana,SSA,"SSA, Western",MI-L,1992,Land_Q,3910.7811
4,81,GHA,Ghana,SSA,"SSA, Western",MI-L,1992,Labor_Q,3572.8316
4,81,GHA,Ghana,SSA,"SSA, Western",MI-L,1992,Fertilizer_Q,19564.6182
4,81,GHA,Ghana,SSA,"SSA, Western",MI-L,1992,Cropland_Q,3761.768
4,81,GHA,Ghana,SSA,"SSA, Western",MI-L,1993,TFP_Index,64.2184
4,81,GHA,Ghana,SSA,"SSA, Western",MI-L,1993,Capital_Index,74.5419
4,81,GHA,Ghana,SSA,"SSA, Western",MI-L,1993,Land_Q,3913.5301
4,81,GHA,Ghana,SSA,"SSA, Western",MI-L,1993,Labor_Q,3631.7573
4,81,GHA,Ghana,SSA,"SSA, Western",MI-L,1993,Fertilizer_Q,17080.6626
4,81,GHA,Ghana,SSA,"SSA, Western",MI-L,1993,Cropland_Q,3764.517
4,81,GHA,Ghana,SSA,"SSA, Western",MI-L,1994,TFP_Index,62.2162
4,81,GHA,Ghana,SSA,"SSA, Western",MI-L,1994,Capital_Index,74.9327
4,81,GHA,Ghana,SSA,"SSA, Western",MI-L,1994,Land_Q,3878.2541
4,81,GHA,Ghana,SSA,"SSA, Western",MI-L,1994,Labor_Q,3692.506
4,81,GHA,Ghana,SSA,"SSA, Western",MI-L,1994,Fertilizer_Q,17401.7797
4,81,GHA,Ghana,SSA,"SSA, Western",MI-L,1994,Cropland_Q,3729.241
4,81,GHA,Ghana,SSA,"SSA, Western",MI-L,1995,TFP_Index,66.9377
4,81,GHA,Ghana,SSA,"SSA, Western",MI-L,1995,Capital_Index,75.6689
4,81,GHA,Ghana,SSA,"SSA, Western",MI-L,1995,Land_Q,4426.6371
4,81,GHA,Ghana,SSA,"SSA, Western",MI-L,1995,Labor_Q,3752.2277
4,81,GHA,Ghana,SSA,"SSA, Western",MI-L,1995,Fertilizer_Q,18537.4967
4,81,GHA,Ghana,SSA,"SSA, Western",MI-L,1995,Cropland_Q,4277.624
4,81,GHA,Ghana,SSA,"SSA, Western",MI-L,1996,TFP_Index,70.7937
4,81,GHA,Ghana,SSA,"SSA, Western",MI-L,1996,Capital_Index,74.7899
4,81,GHA,Ghana,SSA,"SSA, Western",MI-L,1996,Land_Q,4657.0191
4,81,GHA,Ghana,SSA,"SSA, Western",MI-L,1996,Labor_Q,3810.0235
4,81,GHA,Ghana,SSA,"SSA, Western",MI-L,1996,Fertilizer_Q,26277.4331
4,81,GHA,Ghana,SSA,"SSA, Western",MI-L,1996,Cropland_Q,4508.006
4,81,GHA,Ghana,SSA,"SSA, Western",MI-L,1997,TFP_Index,68.5535
4,81,GHA,Ghana,SSA,"SSA, Western",MI-L,1997,Capital_Index,73.5208
4,81,GHA,Ghana,SSA,"SSA, Western",MI-L,1997,Land_Q,4675.6595
4,81,GHA,Ghana,SSA,"SSA, Western",MI-L,1997,Labor_Q,3866.7989
4,81,GHA,Ghana,SSA,"SSA, Western",MI-L,1997,Fertilizer_Q,30940.8046
4,81,GHA,Ghana,SSA,"SSA, Western",MI-L,1997,Cropland_Q,4515.936
4,81,GHA,Ghana,SSA,"SSA, Western",MI-L,1998,TFP_Index,72.4125
4,81,GHA,Ghana,SSA,"SSA, Western",MI-L,1998,Capital_Index,72.4358
4,81,GHA,Ghana,SSA,"SSA, Western",MI-L,1998,Land_Q,5245.2225
4,81,GHA,Ghana,SSA,"SSA, Western",MI-L,1998,Labor_Q,3924.2634
4,81,GHA,Ghana,SSA,"SSA, Western",MI-L,1998,Fertilizer_Q,24967.9007
4,81,GHA,Ghana,SSA,"SSA, Western",MI-L,1998,Cropland_Q,5074.263
4,81,GHA,Ghana,SSA,"SSA, Western",MI-L,1999,TFP_Index,76.3383
4,81,GHA,Ghana,SSA,"SSA, Western",MI-L,1999,Capital_Index,70.3626
4,81,GHA,Ghana,SSA,"SSA, Western",MI-L,1999,Land_Q,5194.8053
4,81,GHA,Ghana,SSA,"SSA, Western",MI-L,1999,Labor_Q,3983.1726
4,81,GHA,Ghana,SSA,"SSA, Western",MI-L,1999,Fertilizer_Q,25140.841
4,81,GHA,Ghana,SSA,"SSA, Western",MI-L,1999,Cropland_Q,5002.195
4,81,GHA,Ghana,SSA,"SSA, Western",MI-L,2000,TFP_Index,76.1708
4,81,GHA,Ghana,SSA,"SSA, Western",MI-L,2000,Capital_Index,71.2433
4,81,GHA,Ghana,SSA,"SSA, Western",MI-L,2000,Land_Q,5467.7736
4,81,GHA,Ghana,SSA,"SSA, Western",MI-L,2000,Labor_Q,3984.2805
4,81,GHA,Ghana,SSA,"SSA, Western",MI-L,2000,Fertilizer_Q,21730.913
4,81,GHA,Ghana,SSA,"SSA, Western",MI-L,2000,Cropland_Q,5259.223
4,81,GHA,Ghana,SSA,"SSA, Western",MI-L,2001,TFP_Index,73.9935
4,81,GHA,Ghana,SSA,"SSA, Western",MI-L,2001,Capital_Index,71.6956
4,81,GHA,Ghana,SSA,"SSA, Western",MI-L,2001,Land_Q,5622.2186
4,81,GHA,Ghana,SSA,"SSA, Western",MI-L,2001,Labor_Q,4226.78
4,81,GHA,Ghana,SSA,"SSA, Western",MI-L,2001,Fertilizer_Q,40880.5271
4,81,GHA,Ghana,SSA,"SSA, Western",MI-L,2001,Cropland_Q,5413.041
4,81,GHA,Ghana,SSA,"SSA, Western",MI-L,2002,TFP_Index,80.033
4,81,GHA,Ghana,SSA,"SSA, Western",MI-L,2002,Capital_Index,70.834
4,81,GHA,Ghana,SSA,"SSA, Western",MI-L,2002,Land_Q,6080.1827
4,81,GHA,Ghana,SSA,"SSA, Western",MI-L,2002,Labor_Q,4434.034
4,81,GHA,Ghana,SSA,"SSA, Western",MI-L,2002,Fertilizer_Q,25718.1274
4,81,GHA,Ghana,SSA,"SSA, Western",MI-L,2002,Cropland_Q,5870.069
4,81,GHA,Ghana,SSA,"SSA, Western",MI-L,2003,TFP_Index,79.0995
4,81,GHA,Ghana,SSA,"SSA, Western",MI-L,2003,Capital_Index,71.3433
4,81,GHA,Ghana,SSA,"SSA, Western",MI-L,2003,Land_Q,6430.2617
4,81,GHA,Ghana,SSA,"SSA, Western",MI-L,2003,Labor_Q,4642.017
4,81,GHA,Ghana,SSA,"SSA, Western",MI-L,2003,Fertilizer_Q,38888.6448
4,81,GHA,Ghana,SSA,"SSA, Western",MI-L,2003,Cropland_Q,6225.564
4,81,GHA,Ghana,SSA,"SSA, Western",MI-L,2004,TFP_Index,77.6325
4,81,GHA,Ghana,SSA,"SSA, Western",MI-L,2004,Capital_Index,72.7872
4,81,GHA,Ghana,SSA,"SSA, Western",MI-L,2004,Land_Q,6807.5326
4,81,GHA,Ghana,SSA,"SSA, Western",MI-L,2004,Labor_Q,4849.712
4,81,GHA,Ghana,SSA,"SSA, Western",MI-L,2004,Fertilizer_Q,63306.6421
4,81,GHA,Ghana,SSA,"SSA, Western",MI-L,2004,Cropland_Q,6615.448
4,81,GHA,Ghana,SSA,"SSA, Western",MI-L,2005,TFP_Index,81.3233
4,81,GHA,Ghana,SSA,"SSA, Western",MI-L,2005,Capital_Index,74.2712
4,81,GHA,Ghana,SSA,"SSA, Western",MI-L,2005,Land_Q,6738.5743
4,81,GHA,Ghana,SSA,"SSA, Western",MI-L,2005,Labor_Q,5043.067
4,81,GHA,Ghana,SSA,"SSA, Western",MI-L,2005,Fertilizer_Q,34423.1516
4,81,GHA,Ghana,SSA,"SSA, Western",MI-L,2005,Cropland_Q,6540.909
4,81,GHA,Ghana,SSA,"SSA, Western",MI-L,2006,TFP_Index,77.0556
4,81,GHA,Ghana,SSA,"SSA, Western",MI-L,2006,Capital_Index,76.272
4,81,GHA,Ghana,SSA,"SSA, Western",MI-L,2006,Land_Q,6842.8872
4,81,GHA,Ghana,SSA,"SSA, Western",MI-L,2006,Labor_Q,5251.443
4,81,GHA,Ghana,SSA,"SSA, Western",MI-L,2006,Fertilizer_Q,97810.1833
4,81,GHA,Ghana,SSA,"SSA, Western",MI-L,2006,Cropland_Q,6647.824
4,81,GHA,Ghana,SSA,"SSA, Western",MI-L,2007,TFP_Index,77.1726
4,81,GHA,Ghana,SSA,"SSA, Western",MI-L,2007,Capital_Index,80.4324
4,81,GHA,Ghana,SSA,"SSA, Western",MI-L,2007,Land_Q,6127.4083
4,81,GHA,Ghana,SSA,"SSA, Western",MI-L,2007,Labor_Q,5083.679
4,81,GHA,Ghana,SSA,"SSA, Western",MI-L,2007,Fertilizer_Q,90489.3366
4,81,GHA,Ghana,SSA,"SSA, Western",MI-L,2007,Cropland_Q,5923.998
4,81,GHA,Ghana,SSA,"SSA, Western",MI-L,2008,TFP_Index,82.09
4,81,GHA,Ghana,SSA,"SSA, Western",MI-L,2008,Capital_Index,85.6599
4,81,GHA,Ghana,SSA,"SSA, Western",MI-L,2008,Land_Q,6875.2229
4,81,GHA,Ghana,SSA,"SSA, Western",MI-L,2008,Labor_Q,4874.659
4,81,GHA,Ghana,SSA,"SSA, Western",MI-L,2008,Fertilizer_Q,80131.6648
4,81,GHA,Ghana,SSA,"SSA, Western",MI-L,2008,Cropland_Q,6680.487
4,81,GHA,Ghana,SSA,"SSA, Western",MI-L,2009,TFP_Index,88.3997
4,81,GHA,Ghana,SSA,"SSA, Western",MI-L,2009,Capital_Index,88.8198
4,81,GHA,Ghana,SSA,"SSA, Western",MI-L,2009,Land_Q,6910.9998
4,81,GHA,Ghana,SSA,"SSA, Western",MI-L,2009,Labor_Q,4650.673
4,81,GHA,Ghana,SSA,"SSA, Western",MI-L,2009,Fertilizer_Q,102592.5251
4,81,GHA,Ghana,SSA,"SSA, Western",MI-L,2009,Cropland_Q,6712.952
4,81,GHA,Ghana,SSA,"SSA, Western",MI-L,2010,TFP_Index,90.2029
4,81,GHA,Ghana,SSA,"SSA, Western",MI-L,2010,Capital_Index,90.3451
4,81,GHA,Ghana,SSA,"SSA, Western",MI-L,2010,Land_Q,6930.6554
4,81,GHA,Ghana,SSA,"SSA, Western",MI-L,2010,Labor_Q,4395.343
4,81,GHA,Ghana,SSA,"SSA, Western",MI-L,2010,Fertilizer_Q,102210.0511
4,81,GHA,Ghana,SSA,"SSA, Western",MI-L,2010,Cropland_Q,6732.64
4,81,GHA,Ghana,SSA,"SSA, Western",MI-L,2011,TFP_Index,91.3101
4,81,GHA,Ghana,SSA,"SSA, Western",MI-L,2011,Capital_Index,92.6361
4,81,GHA,Ghana,SSA,"SSA, Western",MI-L,2011,Land_Q,7251.5487
4,81,GHA,Ghana,SSA,"SSA, Western",MI-L,2011,Labor_Q,4634.105
4,81,GHA,Ghana,SSA,"SSA, Western",MI-L,2011,Fertilizer_Q,79369.3752
4,81,GHA,Ghana,SSA,"SSA, Western",MI-L,2011,Cropland_Q,7056.396
4,81,GHA,Ghana,SSA,"SSA, Western",MI-L,2012,TFP_Index,89.7777
4,81,GHA,Ghana,SSA,"SSA, Western",MI-L,2012,Capital_Index,95.7824
4,81,GHA,Ghana,SSA,"SSA, Western",MI-L,2012,Land_Q,7243.0493
4,81,GHA,Ghana,SSA,"SSA, Western",MI-L,2012,Labor_Q,4931.19
4,81,GHA,Ghana,SSA,"SSA, Western",MI-L,2012,Fertilizer_Q,181345.1259
4,81,GHA,Ghana,SSA,"SSA, Western",MI-L,2012,Cropland_Q,7048.665
4,81,GHA,Ghana,SSA,"SSA, Western",MI-L,2013,TFP_Index,92.0567
4,81,GHA,Ghana,SSA,"SSA, Western",MI-L,2013,Capital_Index,97.5218
4,81,GHA,Ghana,SSA,"SSA, Western",MI-L,2013,Land_Q,7172.9813
4,81,GHA,Ghana,SSA,"SSA, Western",MI-L,2013,Labor_Q,5213.359
4,81,GHA,Ghana,SSA,"SSA, Western",MI-L,2013,Fertilizer_Q,137769.7212
4,81,GHA,Ghana,SSA,"SSA, Western",MI-L,2013,Cropland_Q,6941.003
4,81,GHA,Ghana,SSA,"SSA, Western",MI-L,2014,TFP_Index,99.8746
4,81,GHA,Ghana,SSA,"SSA, Western",MI-L,2014,Capital_Index,98.8532
4,81,GHA,Ghana,SSA,"SSA, Western",MI-L,2014,Land_Q,7370.1853
4,81,GHA,Ghana,SSA,"SSA, Western",MI-L,2014,Labor_Q,4632.653
4,81,GHA,Ghana,SSA,"SSA, Western",MI-L,2014,Fertilizer_Q,93921.6521
4,81,GHA,Ghana,SSA,"SSA, Western",MI-L,2014,Cropland_Q,7137.121
4,81,GHA,Ghana,SSA,"SSA, Western",MI-L,2015,TFP_Index,100
4,81,GHA,Ghana,SSA,"SSA, Western",MI-L,2015,Capital_Index,100
4,81,GHA,Ghana,SSA,"SSA, Western",MI-L,2015,Land_Q,7836.9582
4,81,GHA,Ghana,SSA,"SSA, Western",MI-L,2015,Labor_Q,4007.302
4,81,GHA,Ghana,SSA,"SSA, Western",MI-L,2015,Fertilizer_Q,132913.1234
4,81,GHA,Ghana,SSA,"SSA, Western",MI-L,2015,Cropland_Q,7060.118
4,81,GHA,Ghana,SSA,"SSA, Western",MI-L,2016,TFP_Index,97.4812
4,81,GHA,Ghana,SSA,"SSA, Western",MI-L,2016,Capital_Index,102.6672
4,81,GHA,Ghana,SSA,"SSA, Western",MI-L,2016,Land_Q,7859.1965
4,81,GHA,Ghana,SSA,"SSA, Western",MI-L,2016,Labor_Q,4594.178
4,81,GHA,Ghana,SSA,"SSA, Western",MI-L,2016,Fertilizer_Q,123120.2259
4,81,GHA,Ghana,SSA,"SSA, Western",MI-L,2016,Cropland_Q,7084.676
4,81,GHA,Ghana,SSA,"SSA, Western",MI-L,2017,TFP_Index,94.7799
4,81,GHA,Ghana,SSA,"SSA, Western",MI-L,2017,Capital_Index,107.1265
4,81,GHA,Ghana,SSA,"SSA, Western",MI-L,2017,Land_Q,8286.8362
4,81,GHA,Ghana,SSA,"SSA, Western",MI-L,2017,Labor_Q,5224.406
4,81,GHA,Ghana,SSA,"SSA, Western",MI-L,2017,Fertilizer_Q,197963.9969
4,81,GHA,Ghana,SSA,"SSA, Western",MI-L,2017,Cropland_Q,7514.858
4,81,GHA,Ghana,SSA,"SSA, Western",MI-L,2018,TFP_Index,98.7739
4,81,GHA,Ghana,SSA,"SSA, Western",MI-L,2018,Capital_Index,111.099
4,81,GHA,Ghana,SSA,"SSA, Western",MI-L,2018,Land_Q,8300.4841
4,81,GHA,Ghana,SSA,"SSA, Western",MI-L,2018,Labor_Q,5249.199
4,81,GHA,Ghana,SSA,"SSA, Western",MI-L,2018,Fertilizer_Q,150794.5948
4,81,GHA,Ghana,SSA,"SSA, Western",MI-L,2018,Cropland_Q,7524.799
4,81,GHA,Ghana,SSA,"SSA, Western",MI-L,2019,TFP_Index,100.9486
4,81,GHA,Ghana,SSA,"SSA, Western",MI-L,2019,Capital_Index,114.8214
4,81,GHA,Ghana,SSA,"SSA, Western",MI-L,2019,Land_Q,8440.5211
4,81,GHA,Ghana,SSA,"SSA, Western",MI-L,2019,Labor_Q,5256.744
4,81,GHA,Ghana,SSA,"SSA, Western",MI-L,2019,Fertilizer_Q,211098.0749
4,81,GHA,Ghana,SSA,"SSA, Western",MI-L,2019,Cropland_Q,7662.126
4,81,GHA,Ghana,SSA,"SSA, Western",MI-L,2020,TFP_Index,100.1559
4,81,GHA,Ghana,SSA,"SSA, Western",MI-L,2020,Capital_Index,119.5205
4,81,GHA,Ghana,SSA,"SSA, Western",MI-L,2020,Land_Q,8505.1825
4,81,GHA,Ghana,SSA,"SSA, Western",MI-L,2020,Labor_Q,5368.13
4,81,GHA,Ghana,SSA,"SSA, Western",MI-L,2020,Fertilizer_Q,260440.4253
4,81,GHA,Ghana,SSA,"SSA, Western",MI-L,2020,Cropland_Q,7726.296
4,81,GHA,Ghana,SSA,"SSA, Western",MI-L,2021,TFP_Index,103.4212
4,81,GHA,Ghana,SSA,"SSA, Western",MI-L,2021,Capital_Index,125.8508
4,81,GHA,Ghana,SSA,"SSA, Western",MI-L,2021,Land_Q,9110.7965
4,81,GHA,Ghana,SSA,"SSA, Western",MI-L,2021,Labor_Q,5472.259
4,81,GHA,Ghana,SSA,"SSA, Western",MI-L,2021,Fertilizer_Q,202361.2441
4,81,GHA,Ghana,SSA,"SSA, Western",MI-L,2021,Cropland_Q,8331.91
4,81,GHA,Ghana,SSA,"SSA, Western",MI-L,2022,TFP_Index,104.6562
4,81,GHA,Ghana,SSA,"SSA, Western",MI-L,2022,Capital_Index,132.4306
4,81,GHA,Ghana,SSA,"SSA, Western",MI-L,2022,Land_Q,9405.3255
4,81,GHA,Ghana,SSA,"SSA, Western",MI-L,2022,Labor_Q,5578.694
4,81,GHA,Ghana,SSA,"SSA, Western",MI-L,2022,Fertilizer_Q,207839.5976
4,81,GHA,Ghana,SSA,"SSA, Western",MI-L,2022,Cropland_Q,8626.439